{
  "id": "my-only-hope",
  "title": "My Only Hope",
  "composer": "Heaven Voices",
  "key": "G Major",
  "version": 1,
  "createdAt": "2024-12-08T12:00:00Z",
  "duration": 220,
  "voiceParts": {
    "alto": {
      "id": "alto",
      "key": "Alto",
      "voices": {
        "alto1": {
          "label": "Alto",
          "audioUrl": "/data/my-only-hope/audio/alto my only hope.wav",
          "startNote": "D4",
          "maestroNotes": "Mélodie expressive et émotionnelle"
        }
      }
    },
    "bass": {
      "id": "bass",
      "key": "Basse",
      "voices": {
        "bass1": {
          "label": "Basse",
          "audioUrl": "/data/my-only-hope/audio/Bass my only hope.wav",
          "startNote": "G2",
          "maestroNotes": "Fondation harmonique profonde"
        }
      }
    }
  },
  "translations": {
    "english": {
      "title": "My Only Hope",
      "lyrics": "My only hope is in You, Lord,\nMy only strength is in Your name.\nWhen troubles come and darkness falls,\nYou are the light that guides my way.\n\nIn You I find my peace,\nIn You I find my rest.\nMy only hope is in You, Lord,\nForever You are blessed.",
      "phonetics": "Maï onn-li hopp izz inn Yü, Lord,\nMaï onn-li strèngth izz inn Yor nèmm.\nWènn treu-bleu keum and dark-nèss follz,\nYü ar zeu laït zatt gaïdz maï wè.\n\nInn Yü aï faïnnd maï piiss,\nInn Yü aï faïnnd maï rèsst.\nMaï onn-li hopp izz inn Yü, Lord,\nFor-è-veur Yü ar blèssd."
    },
    "french": {
      "title": "Mon seul espoir",
      "lyrics": "Mon seul espoir est en Toi, Seigneur,\nMa seule force est en Ton nom.\nQuand les troubles viennent et l'obscurité tombe,\nTu es la lumière qui guide mon chemin.\n\nEn Toi je trouve ma paix,\nEn Toi je trouve mon repos.\nMon seul espoir est en Toi, Seigneur,\nÀ jamais Tu es béni.",
      "phonetics": "Monn seul ès-pwar è ann Twa, Seh-nyeur,\nMah seul for-seu è ann Tonn nonn.\nKann lè treu-bleu vyè-nent è lob-skü-ri-té tomm-beu,\nTü è lah lü-myè-reu ki gi-deu monn tcheu-mann.\n\nAnn Twa jeu treu-veu mah pè,\nAnn Twa jeu treu-veu monn reu-po.\nMonn seul ès-pwar è ann Twa, Seh-nyeur,\nÀ ja-mè Tü è bé-ni."
    }
  },
  "resources": {
    "scores": [],
    "videos": [],
    "links": [],
    "audio_extras": []
  },
  "musicalInfo": {
    "time_signature": "4/4",
    "difficulty": "intermediate",
    "duration": 220,
    "tags": [
      "worship",
      "english",
      "hope"
    ],
    "original_artist": "Heaven Voices",
    "arrangement": "Arrangement chorale"
  }
}