{
  "id": "since-by-man",
  "title": "Since by Man Came Death",
  "composer": "George Frideric Handel",
  "key": "C minor",
  "version": 1,
  "createdAt": "2024-12-08T12:00:00Z",
  "duration": 120,
  "voiceParts": {
    "soprano": {
      "id": "soprano",
      "key": "Soprano",
      "voices": {
        "soprano1": {
          "label": "Soprano",
          "audioUrl": "/data/since-by-man/audio/Soprano since by man.mp3",
          "startNote": "C5",
          "maestroNotes": "Mélodie solennelle et contemplative"
        }
      }
    },
    "alto": {
      "id": "alto",
      "key": "Alto",
      "voices": {
        "alto1": {
          "label": "Alto",
          "audioUrl": "/data/since-by-man/audio/Alto since by man.mp3",
          "startNote": "G4",
          "maestroNotes": "Harmonies graves et expressives"
        }
      }
    },
    "tenor": {
      "id": "tenor",
      "key": "Ténor",
      "voices": {
        "tenor1": {
          "label": "Ténor",
          "audioUrl": "/data/since-by-man/audio/Tenor since by man.mp3",
          "startNote": "C4",
          "maestroNotes": "Ligne mélodique méditative"
        }
      }
    },
    "bass": {
      "id": "bass",
      "key": "Basse",
      "voices": {
        "bass1": {
          "label": "Basse",
          "audioUrl": "/data/since-by-man/audio/Bass since by man.mp3",
          "startNote": "C3",
          "maestroNotes": "Fondation harmonique sombre"
        }
      }
    }
  },
  "translations": {
    "english": {
      "title": "Since by Man Came Death",
      "lyrics": "Since by man came death,\nby man came also the resurrection of the dead.\nFor as in Adam all die,\neven so in Christ shall all be made alive.",
      "phonetics": "Sinss baï mann kèmm dèth,\nbaï mann kèmm ol-so zeu ré-zeu-rèk-cheun euv zeu dèdd.\nFor azz inn A-damm oll daï,\nii-veun so inn Kraïsst shall oll bii mèdd eu-laïv."
    },
    "french": {
      "title": "Puisque par l'homme vint la mort",
      "lyrics": "Puisque par l'homme vint la mort,\npar l'homme vint aussi la résurrection des morts.\nCar comme tous meurent en Adam,\nde même aussi tous revivront en Christ.",
      "phonetics": "Püi-skeu par lom vänt lah mor,\npar lom vänt oh-see lah ré-zü-rek-syon deu mor.\nKar kom toos meur-ent än A-däm,\ndeu mem oh-see toos reh-vi-vront än Krist."
    }
  },
  "resources": {
    "scores": [],
    "videos": [],
    "links": [
      {
        "type": "website",
        "url": "https://imslp.org/wiki/Messiah,_HWV_56_(Handel,_George_Frideric)",
        "label": "Partition IMSLP"
      }
    ],
    "audio_extras": []
  },
  "musicalInfo": {
    "time_signature": "4/4",
    "difficulty": "intermediate",
    "duration": 120,
    "tags": [
      "baroque",
      "sacred",
      "oratorio"
    ],
    "original_artist": "George Frideric Handel",
    "arrangement": "Messiah HWV 56"
  }
}