{
  "id": "jaime-mieux",
  "title": "J'aime mieux",
  "composer": "Inconnu",
  "key": "C Major",
  "version": 1,
  "createdAt": "2024-12-08T12:00:00Z",
  "duration": 200,
  "voiceParts": {
    "soprano": {
      "id": "soprano",
      "key": "Soprano",
      "voices": {
        "soprano1": {
          "label": "Soprano",
          "audioUrl": "/data/jaime-mieux/audio/soprano j'aime mieux.wav",
          "startNote": "C4",
          "maestroNotes": "Mélodie principale claire et expressive"
        }
      }
    },
    "alto": {
      "id": "alto",
      "key": "Alto",
      "voices": {
        "alto1": {
          "label": "Alto",
          "audioUrl": "/data/jaime-mieux/audio/alto j'aime mieux.wav",
          "startNote": "G3",
          "maestroNotes": "Harmonies douces et mélodieuses"
        }
      }
    },
    "bass": {
      "id": "bass",
      "key": "Basse",
      "voices": {
        "bass1": {
          "label": "Basse",
          "audioUrl": "/data/jaime-mieux/audio/BASS j'aime mieux.wav",
          "startNote": "C2",
          "maestroNotes": "Fondation harmonique stable"
        }
      }
    }
  },
  "translations": {
    "french": {
      "title": "J'aime mieux",
      "lyrics": "J'aime mieux avoir Christ\nQue de l'or fabuleux,\nJ'aime mieux avoir Christ\nQu'un palais somptueux\nJ'aime mieux avoir Christ\nQue la renommée\nJ'aime mieux qu'il me guide\nPar sa main percée\n\nRéf.\nQue d'être un grand roi vêtu de fin lin,\nMais le cœur désert, sans lui\nJ'aime mieux avoir Christ\nQue les plus grands biens\nQue le monde offre aujourd'hui\n\nJ'aime mieux avoir Christ\nQue d'être arrivé\nAu sommet de la gloire,\nDe la célébrité.\nJ'aime mieux avoir Christ\nQue l'art le plus grand,\nJ'aime mieux qu'il dispose\nDe tous mes talents\n\nMon Jésus est plus noble\nQue le lys royal\nBien plus doux qu'un rayon du soleil matinal.\nIl réchauffe mon cœur et le satisfait;\nJ'aime mieux sa présence,\nSon amour, sa paix.",
      "phonetics": "Jèm myeu a-vwar Krist\nKeu deu lor fa-bu-leu,\nJèm myeu a-vwar Krist\nKunn pa-lè sonn-ptü-eu\nJèm myeu a-vwar Krist\nKeu lah reu-no-mé\nJèm myeu kil meu gi-deu\nPar sah mann pèr-sé\n\nRéf.\nKeu dè-treu unn grann rwa vè-tü deu fann länn,\nMè leu keur dé-zèr, sann lüi\nJèm myeu a-vwar Krist\nKeu lè plü grann byann\nKeu leu monn-deu o-freu oh-joor-düi"
    }
  },
  "resources": {
    "scores": [],
    "videos": [],
    "links": [],
    "audio_extras": []
  },
  "musicalInfo": {
    "time_signature": "4/4",
    "difficulty": "intermediate",
    "duration": 200,
    "tags": [
      "worship",
      "french",
      "hymn"
    ],
    "original_artist": "Inconnu",
    "arrangement": "Arrangement chorale"
  }
}