{
  "id": "total-praise",
  "title": "Total Praise",
  "version": 1,
  "createdAt": "2024-12-08T10:00:00Z",
  "voiceParts": {
    "soprano": {
      "key": "C",
      "voices": {
        "soprano1": {
          "label": "Soprano",
          "audioUrl": "data/total-praise/audio/Total Praise - Soprano.mp3",
          "lyrics": "Lord, I will lift my eyes to the hills\nKnowing my help is coming from You\nYour peace You give me in time of the storm\nYou are the source of my strength\nYou are the strength of my life\nI lift my hands in total praise to You\nAmen, Amen, Amen, Amen",
          "notes": "Mélodie principale simple et claire"
        }
      }
    },
    "alto": {
      "key": "C",
      "voices": {
        "alto1": {
          "label": "Alto",
          "audioUrl": "data/total-praise/audio/Total Praise - Alto.mp3",
          "lyrics": "Lord, I will lift my eyes to the hills\nKnowing my help is coming from You\nYour peace You give me in time of the storm\nYou are the source of my strength\nYou are the strength of my life\nI lift my hands in total praise to You\nAmen, Amen, Amen, Amen",
          "notes": "Harmonies en tierces"
        }
      }
    },
    "tenor": {
      "key": "C",
      "voices": {
        "tenor1": {
          "label": "Tenor",
          "audioUrl": "data/total-praise/audio/Total Praise - Tenor.mp3",
          "lyrics": "Lord, I will lift my eyes to the hills\nKnowing my help is coming from You\nYour peace You give me in time of the storm\nYou are the source of my strength\nYou are the strength of my life\nI lift my hands in total praise to You\nAmen, Amen, Amen, Amen",
          "notes": "Soutien harmonique"
        }
      }
    }
  },
  "translations": {
    "english": {
      "title": "Total Praise",
      "lyrics": "Lord, I will lift my eyes to the hills\nKnowing my help is coming from You\nYour peace You give me in time of the storm\nYou are the source of my strength\nYou are the strength of my life\nI lift my hands in total praise to You\nYou are the source of my strength\nYou are the strength of my life\nI lift my hands in total praise to You\nAmen, Amen, Amen, Amen\nAmen, Amen, Amen, Amen\nYou are the source of my strength\nYou are the strength of my life\nI lift my hands in total praise to You\nAmen, Amen, Amen, Amen\nAmen, Amen, Amen, Amen"
    }
  },
  "resources": {
    "scores": [
      {
        "type": "pdf",
        "label": "Partitions",
        "url": "/data/total-praise/partitions/Total-Praise-Richard-Smallwood-arr-Doreen-Rao-1.pdf"
      },
      {
        "type": "piano",
        "label": "SATB with PIANO ACCOMPANIMENT",
        "url": "/data/total-praise/audio/Total Praise - SATB with PIANO ACCOMPANIMENT.mp3"
      }
    ],
    "videos": [],
    "links": [],
    "audio_extras": []
  },
  "musicalInfo": {
    "time_signature": "4/4",
    "tempo_bpm": null,
    "difficulty": "intermediate",
    "duration": 180,
    "tags": [
      "gospel",
      "contemporary"
    ],
    "original_artist": "Richard Smallwood",
    "arrangement": "arr. Doreen Rao"
  }
}