{
  "id": "total-praise",
  "title": "Total Praise",
  "version": 1,
  "createdAt": "2024-12-08T10:00:00Z",
  "voiceParts": {
    "soprano": {
      "id": "soprano",
      "key": "C",
      "voices": {
        "soprano1": {
          "label": "Soprano",
          "audioUrl": "data/total-praise/audio/Total Praise - Soprano.mp3",
          "startNote": "C4",
          "maestroNotes": "Mélodie principale simple et claire"
        }
      }
    },
    "alto": {
      "id": "alto",
      "key": "C",
      "voices": {
        "alto1": {
          "label": "Alto",
          "audioUrl": "data/total-praise/audio/Total Praise - Alto.mp3",
          "maestroNotes": "Harmonies en tierces",
          "startNote": "E4"
        }
      }
    },
    "tenor": {
      "id": "tenor",
      "key": "C",
      "voices": {
        "tenor1": {
          "label": "Tenor",
          "audioUrl": "data/total-praise/audio/Total Praise - Tenor.mp3",
          "startNote": "G3",
          "maestroNotes": "Soutien harmonique"
        }
      }
    }
  },
  "translations": {
    "english": {
      "title": "Total Praise",
      "lyrics": "Lord, I will lift my eyes to the hills\nKnowing my help is coming from You\nYour peace You give me in time of the storm\nYou are the source of my strength\nYou are the strength of my life\nI lift my hands in total praise to You\nYou are the source of my strength\nYou are the strength of my life\nI lift my hands in total praise to You\nAmen, Amen, Amen, Amen\nAmen, Amen, Amen, Amen\nYou are the source of my strength\nYou are the strength of my life\nI lift my hands in total praise to You\nAmen, Amen, Amen, Amen\nAmen, Amen, Amen, Amen",
      "phonetics": "Lord, ai wil lift mai aiz tu ze hilz\nNow-ing mai help iz kuh-ming from Yu\nYor pis Yu giv mi in taim ov ze storm\nYu ar ze sors ov mai strength\nYu ar ze strength ov mai laif\nAi lift mai handz in tow-tal preiz tu Yu\nYu ar ze sors ov mai strength\nYu ar ze strength ov mai laif\nAi lift mai handz in tow-tal preiz tu Yu\nEi-men, Ei-men, Ei-men, Ei-men\nEi-men, Ei-men, Ei-men, Ei-men\nYu ar ze sors ov mai strength\nYu ar ze strength ov mai laif\nAi lift mai handz in tow-tal preiz tu Yu\nEi-men, Ei-men, Ei-men, Ei-men\nEi-men, Ei-men, Ei-men, Ei-men"
    }
  },
  "resources": {
    "sheets": [
      {
        "type": "pdf",
        "url": "/data/total-praise/partitions/Total-Praise-Richard-Smallwood-arr-Doreen-Rao-1.pdf",
        "title": "Partition complète"
      }
    ],
    "videos": [
      {
        "type": "youtube",
        "url": "",
        "title": "Répétition du chœur"
      }
    ],
    "links": [
      {
        "type": "website",
        "url": "https://www.richardsmallwood.com/music/total-praise",
        "title": "Page officielle du compositeur"
      }
    ],
    "audio_extras": [
      {
        "type": "accompaniment",
        "url": "/data/total-praise/audio/Total Praise - SATB with PIANO ACCOMPANIMENT.mp3",
        "title": "Accompagnement piano"
      }
    ]
  },
  "musicalInfo": {
    "time_signature": "4/4",
    "tempo_bpm": null,
    "difficulty": "intermediate",
    "duration": 180,
    "tags": [
      "gospel",
      "contemporary"
    ],
    "original_artist": "Richard Smallwood",
    "arrangement": "arr. Doreen Rao"
  }
}