{
    "id": "total-praise",
    "title": "Total Praise",
    "composer": "Richard Smallwood",
    "key": "C Major",
    "version": 1,
    "createdAt": "2024-12-08T10:00:00Z",
    "duration": 397,
    "voiceParts": {
        "soprano": {
            "id": "soprano",
            "key": "Soprano",
            "voices": {
                "soprano1": {
                    "label": "Soprano",
                    "audioUrl": "/data/total-praise/audio/Total Praise - Soprano.mp3",
                    "startNote": "C4",
                    "maestroNotes": "Mélodie principale simple et claire"
                }
            }
        },
        "alto": {
            "id": "alto",
            "key": "Alto",
            "voices": {
                "alto1": {
                    "label": "Alto",
                    "audioUrl": "/data/total-praise/audio/Total Praise - Alto.mp3",
                    "startNote": "E4",
                    "maestroNotes": "Harmonies en tierces"
                }
            }
        },
        "tenor": {
            "id": "tenor",
            "key": "Ténor",
            "voices": {
                "tenor1": {
                    "label": "Ténor",
                    "audioUrl": "/data/total-praise/audio/Total Praise - Tenor.mp3",
                    "startNote": "G3",
                    "maestroNotes": "Soutien harmonique"
                }
            }
        }
    },
    "translations": {
        "english": {
            "title": "Total Praise",
            "lyrics": "Lord, I will lift my eyes to the hills\nKnowing my help is coming from You\nYour peace You give me in time of the storm\nYou are the source of my strength\nYou are the strength of my life\nI lift my hands in total praise to You\nYou are the source of my strength\nYou are the strength of my life\nI lift my hands in total praise to You\nAmen, Amen, Amen, Amen\nAmen, Amen, Amen, Amen\nYou are the source of my strength\nYou are the strength of my life\nI lift my hands in total praise to You\nAmen, Amen, Amen, Amen\nAmen, Amen, Amen, Amen",
            "phonetics": "Lord, ai wil lift mai aiz tu ze hilz\nNow-ing mai help iz kuh-ming from Yu\nYor pis Yu giv mi in taim ov ze storm\nYu ar ze sors ov mai strength\nYu ar ze strength ov mai laif\nAi lift mai handz in tow-tal preiz tu Yu\nYu ar ze sors ov mai strength\nYu ar ze strength ov mai laif\nAi lift mai handz in tow-tal preiz tu Yu\nEi-men, Ei-men, Ei-men, Ei-men\nEi-men, Ei-men, Ei-men, Ei-men\nYu ar ze sors ov mai strength\nYu ar ze strength ov mai laif\nAi lift mai handz in tow-tal preiz tu Yu\nEi-men, Ei-men, Ei-men, Ei-men\nEi-men, Ei-men, Ei-men, Ei-men"
        },
        "french": {
            "title": "Louange Totale",
            "lyrics": "Seigneur, je lèverai mes yeux vers les montagnes\nSachant que mon secours vient de Toi\nTa paix Tu me donnes au temps de la tempête\nTu es la source de ma force\nTu es la force de ma vie\nJe lève mes mains en louange totale vers Toi\nTu es la source de ma force\nTu es la force de ma vie\nJe lève mes mains en louange totale vers Toi\nAmen, Amen, Amen, Amen\nAmen, Amen, Amen, Amen\nTu es la source de ma force\nTu es la force de ma vie\nJe lève mes mains en louange totale vers Toi\nAmen, Amen, Amen, Amen\nAmen, Amen, Amen, Amen",
            "phonetics": "Seigneur, je lèv-re mes yeux ver lé montagn\nSachan ke mon secours vien de Twa\nTa pè Tu me don o tan de la tampèt\nTu è la sours de ma fors\nTu è la fors de ma vi\nJe lèv mé man an louanj total ver Twa\nTu è la sours de ma fors\nTu è la fors de ma vi\nJe lèv mé man an louanj total ver Twa\nA-men, A-men, A-men, A-men\nA-men, A-men, A-men, A-men\nTu è la sours de ma fors\nTu è la fors de ma vi\nJe lèv mé man an louanj total ver Twa\nA-men, A-men, A-men, A-men\nA-men, A-men, A-men, A-men"
        }
    },
    "resources": {
        "scores": [
            {
                "type": "pdf",
                "url": "/data/total-praise/partitions/Total-Praise-Richard-Smallwood-arr-Doreen-Rao-1.pdf",
                "title": "Partition complète"
            }
        ],
        "videos": [
            {
                "type": "youtube",
                "url": "",
                "title": "Répétition du chœur"
            }
        ],
        "links": [
            {
                "type": "website",
                "url": "https://www.richardsmallwood.com/music/total-praise",
                "title": "Page officielle du compositeur"
            }
        ],
        "audio_extras": [
            {
                "type": "accompaniment",
                "url": "/data/total-praise/audio/Total Praise - SATB with PIANO ACCOMPANIMENT.mp3",
                "title": "Accompagnement piano"
            }
        ]
    },
    "musicalInfo": {
        "time_signature": "4/4",
        "difficulty": "intermediate",
        "duration": 180,
        "tags": [
            "gospel",
            "contemporary"
        ],
        "original_artist": "Richard Smallwood",
        "arrangement": "arr. Doreen Rao"
    }
}