{
  "id": "hallelujah-messiah",
  "title": "Hallelujah Chorus",
  "composer": "George Frideric Handel",
  "key": "D Major",
  "version": 1,
  "createdAt": "2024-12-08T12:00:00Z",
  "duration": 240,
  "voiceParts": {
    "soprano": {
      "id": "soprano",
      "key": "Soprano",
      "voices": {
        "soprano1": {
          "label": "Soprano",
          "audioUrl": "/data/hallelujah-messiah/audio/Soprano Hallelujah Messiah.mp3",
          "startNote": "D5",
          "maestroNotes": "Mélodie triomphante et éclatante"
        }
      }
    },
    "alto": {
      "id": "alto",
      "key": "Alto",
      "voices": {
        "alto1": {
          "label": "Alto",
          "audioUrl": "/data/hallelujah-messiah/audio/Alto Hallelujah Messiah.mp3",
          "startNote": "A4",
          "maestroNotes": "Harmonies puissantes"
        }
      }
    },
    "tenor": {
      "id": "tenor",
      "key": "Ténor",
      "voices": {
        "tenor1": {
          "label": "Ténor",
          "audioUrl": "/data/hallelujah-messiah/audio/Tenor hallelujah messiah.mp3",
          "startNote": "D4",
          "maestroNotes": "Soutien mélodique important"
        }
      }
    },
    "bass": {
      "id": "bass",
      "key": "Basse",
      "voices": {
        "bass1": {
          "label": "Basse",
          "audioUrl": "/data/hallelujah-messiah/audio/Bass Hallelujah Messiah.mp3",
          "startNote": "D3",
          "maestroNotes": "Fondation majestueuse"
        }
      }
    }
  },
  "translations": {
    "english": {
      "title": "Hallelujah Chorus",
      "lyrics": "Hallelujah! Hallelujah! Hallelujah!\nHallelujah! Hallelujah!\nFor the Lord God Omnipotent reigneth.\nHallelujah! Hallelujah! Hallelujah! Hallelujah!\nThe kingdom of this world\nis become the kingdom of our Lord,\nand of His Christ, and of His Christ;\nand He shall reign for ever and ever,\nfor ever and ever, for ever and ever,\nfor ever and ever.\nKing of kings, and Lord of lords,\nKing of kings, and Lord of lords,\nand Lord of lords,\nand He shall reign,\nand He shall reign for ever and ever,\nKing of kings, for ever and ever,\nand Lord of lords,\nHallelujah! Hallelujah!",
      "phonetics": "Hæl-ə-loo-yə! Hæl-ə-loo-yə! Hæl-ə-loo-yə!\nHæl-ə-loo-yə! Hæl-ə-loo-yə!\nFor ze Lord God Om-ni-po-tent rayn-eth.\nHæl-ə-loo-yə! Hæl-ə-loo-yə! Hæl-ə-loo-yə! Hæl-ə-loo-yə!"
    },
    "french": {
      "title": "Chœur Alléluia",
      "lyrics": "Alléluia! Alléluia! Alléluia!\nAlléluia! Alléluia!\nCar le Seigneur Dieu Tout-Puissant règne.\nAlléluia! Alléluia! Alléluia! Alléluia!\nLe royaume de ce monde\nest devenu le royaume de notre Seigneur,\net de son Christ, et de son Christ;\net il régnera aux siècles des siècles,\naux siècles des siècles, aux siècles des siècles,\naux siècles des siècles.\nRoi des rois, et Seigneur des seigneurs,\nRoi des rois, et Seigneur des seigneurs,\net Seigneur des seigneurs,\net il régnera,\net il régnera aux siècles des siècles,\nRoi des rois, aux siècles des siècles,\net Seigneur des seigneurs,\nAlléluia! Alléluia!",
      "phonetics": "Al-lé-loo-yah! Al-lé-loo-yah! Al-lé-loo-yah!\nAl-lé-loo-yah! Al-lé-loo-yah!\nKar leh Seh-nyeur Dyeu Too-Püi-sänt ren-yeh."
    }
  },
  "resources": {
    "scores": [],
    "videos": [],
    "links": [
      {
        "type": "website",
        "url": "https://imslp.org/wiki/Messiah,_HWV_56_(Handel,_George_Frideric)",
        "label": "Partition IMSLP"
      }
    ],
    "audio_extras": []
  },
  "musicalInfo": {
    "time_signature": "4/4",
    "difficulty": "advanced",
    "duration": 240,
    "tags": [
      "baroque",
      "sacred",
      "oratorio"
    ],
    "original_artist": "George Frideric Handel",
    "arrangement": "Messiah HWV 56"
  }
}