{
  "id": "mozart-coronation-mass-gloria",
  "title": "Messe du Couronnement (Gloria)",
  "composer": "Wolfgang Amadeus Mozart",
  "key": "C major",
  "duration": 337,
  "createdAt": "2024-12-08T10:00:00Z",
  "version": 1,
  "voicePartKeys": {
    "soprano": "C major",
    "alto": "C major",
    "tenor": "C major",
    "bass": "C major"
  },
  "lyrics": {
    "latin": "Gloria in excelsis Deo. Et in terra pax hominibus bonae voluntatis. Laudamus te. Benedicimus te. Adoramus te. Glorificamus te. Gratias agimus tibi propter magnam gloriam tuam. Domine Deus, Rex coelestis, Deus Pater omnipotens. Domine Fili unigenite, Jesu Christe. Domine Deus, Agnus Dei, Filius Patris. Qui tollis peccata mundi, miserere nobis. Qui tollis peccata mundi, suscipe deprecationem nostram. Qui sedes ad dexteram Patris, miserere nobis. Quoniam tu solus Sanctus. Tu solus Dominus. Tu solus Altissimus, Jesu Christe. Cum Sancto Spiritu, in gloria Dei Patris. Amen."
  },
  "audioUrls": {
    "soprano": "/data/mozart-coronation-mass/audio/Gloria - Soprano.mp3",
    "alto": "/data/mozart-coronation-mass/audio/Gloria - Alto.mp3",
    "tenor": "/data/mozart-coronation-mass/audio/Gloria - Tenor.mp3",
    "bass": "/data/mozart-coronation-mass/audio/Gloria - Bass.mp3"
  },
  "maestroNotes": {
    "soprano": "Mélodie principale simple et claire",
    "alto": "Harmonies en tierces",
    "tenor": "Soutien harmonique",
    "bass": "Fondation en accords simples"
  },
  "partitions": {
    "label": "Partitions",
    "type": "pdf",
    "url": "/data/mozart-coronation-mass/partitions/Gloria.pdf"
  }
}