{
  "id": "mozart-coronation-mass-gloria",
  "title": "Messe du Couronnement (Gloria)",
  "composer": "Wolfgang Amadeus Mozart",
  "key": "C Major",
  "version": 1,
  "createdAt": "2024-12-08T10:00:00Z",
  "duration": 337,
  "voiceParts": {
    "soprano": {
      "id": "soprano",
      "key": "Soprano",
      "voices": {
        "soprano1": {
          "label": "Soprano",
          "audioUrl": "/data/mozart-coronation-mass/audio/Gloria - Soprano.mp3",
          "startNote": "C5",
          "maestroNotes": "Mélodie principale simple et claire"
        }
      }
    },
    "alto": {
      "id": "alto",
      "key": "Alto",
      "voices": {
        "alto1": {
          "label": "Alto",
          "audioUrl": "/data/mozart-coronation-mass/audio/Gloria - Alto.mp3",
          "startNote": "G4",
          "maestroNotes": "Harmonies en tierces"
        }
      }
    },
    "tenor": {
      "id": "tenor",
      "key": "Ténor",
      "voices": {
        "tenor1": {
          "label": "Ténor",
          "audioUrl": "/data/mozart-coronation-mass/audio/Gloria - Tenor.mp3",
          "startNote": "C4",
          "maestroNotes": "Soutien harmonique"
        }
      }
    },
    "bass": {
      "id": "bass",
      "key": "Basse",
      "voices": {
        "bass1": {
          "label": "Basse",
          "audioUrl": "/data/mozart-coronation-mass/audio/Gloria - Bass.mp3",
          "startNote": "C3",
          "maestroNotes": "Fondation en accords simples"
        }
      }
    }
  },
  "translations": {
    "latin": {
      "title": "Gloria",
      "lyrics": "Gloria in excelsis Deo.\nEt in terra pax hominibus bonae voluntatis.\nLaudamus te.\nBenedicimus te.\nAdoramus te.\nGlorificamus te.\nGratias agimus tibi propter magnam gloriam tuam.\nDomine Deus, Rex coelestis, Deus Pater omnipotens.\nDomine Fili unigenite, Jesu Christe.\nDomine Deus, Agnus Dei, Filius Patris.\nQui tollis peccata mundi, miserere nobis.\nQui tollis peccata mundi, suscipe deprecationem nostram.\nQui sedes ad dexteram Patris, miserere nobis.\nQuoniam tu solus Sanctus.\nTu solus Dominus.\nTu solus Altissimus, Jesu Christe.\nCum Sancto Spiritu, in gloria Dei Patris.\nAmen.",
      "phonetics": "Glo-ri-ah in ek-shel-sis Deh-o.\nEt in ter-rah paks ho-mi-ni-bus bo-neh vo-lun-ta-tis.\nLau-da-mus teh.\nBe-ne-di-chi-mus teh.\nA-do-ra-mus teh.\nGlo-ri-fi-ka-mus teh.\nGra-ti-as ah-gi-mus ti-bi prop-ter mag-nam glo-ri-am tu-am.\nDo-mi-neh Deh-us, Rex cheh-les-tis, Deh-us Pa-ter om-ni-po-tens.\nDo-mi-neh Fi-li u-ni-ge-ni-teh, Yeh-su Kris-teh.\nDo-mi-neh Deh-us, Ag-nus Deh-i, Fi-li-us Pa-tris.\nKwi tol-lis pek-ka-ta mun-di, mi-se-reh-reh no-bis.\nKwi tol-lis pek-ka-ta mun-di, sus-chi-peh de-pre-ka-ti-o-nem nos-tram.\nKwi seh-des ad deks-te-ram Pa-tris, mi-se-reh-reh no-bis.\nKwo-ni-am tu so-lus Sank-tus.\nTu so-lus Do-mi-nus.\nTu so-lus Al-tis-si-mus, Yeh-su Kris-teh.\nKum Sank-to Spi-ri-tu, in glo-ri-ah Deh-i Pa-tris.\nA-men."
    },
    "french": {
      "title": "Gloire à Dieu",
      "lyrics": "Gloire à Dieu au plus haut des cieux,\nEt paix sur la terre aux hommes de bonne volonté.\nNous te louons.\nNous te bénissons.\nNous t'adorons.\nNous te glorifions.\nNous te rendons grâce pour ton immense gloire.\nSeigneur Dieu, Roi du ciel, Dieu le Père tout-puissant.\nSeigneur, Fils unique, Jésus-Christ.\nSeigneur Dieu, Agneau de Dieu, le Fils du Père.\nToi qui enlèves les péchés du monde, prends pitié de nous.\nToi qui enlèves les péchés du monde, reçois notre prière.\nToi qui es assis à la droite du Père, prends pitié de nous.\nCar toi seul es saint.\nToi seul es Seigneur.\nToi seul es le Très-Haut, Jésus-Christ.\nAvec le Saint-Esprit, dans la gloire de Dieu le Père.\nAmen.",
      "phonetics": "Glwar ah Dyeu oh plü oh deh syeu,\nEh peh sür lah ter oh zom deh bon vo-lon-té.\nNoo teh loo-on.\nNoo teh bé-ni-son.\nNoo tah-do-ron.\nNoo teh glo-ri-fi-on.\nNoo teh ron-don grahs poor ton i-mäns glwar.\nSeh-nyeur Dyeu, Rwah dü syel, Dyeu leh Per too-püi-sänt.\nSeh-nyeur, Fees ü-neek, Zhé-zü Krist.\nSeh-nyeur Dyeu, Ah-nyoh deh Dyeu, leh Fees dü Per.\nTwah kee än-lev leh pé-shéh dü mond, pron pi-tyé deh noo.\nTwah kee än-lev leh pé-shéh dü mond, reh-swah notr pry-er.\nTwah kee eh ah-see ah lah drwat dü Per, pron pi-tyé deh noo.\nKar twa seul eh sänt.\nTü seul eh Seh-nyeur.\nTü seul eh leh Treh-Oh, Zhé-zü Krist.\nAh-vek leh Sänt-Es-pree, däns lah glwar deh Dyeu leh Per.\nAh-mäns."
    },
    "resources": {
      "scores": [
        {
          "type": "pdf",
          "label": "Partitions",
          "url": "/data/mozart-coronation-mass/partitions/Gloria.pdf"
        }
      ],
      "videos": [],
      "links": [],
      "audio_extras": []
    },
    "musicalInfo": {
      "time_signature": "4/4",
      "tempo_bpm": null,
      "difficulty": "advanced",
      "duration": 337,
      "tags": [
        "classical",
        "sacred"
      ],
      "original_artist": "Wolfgang Amadeus Mozart",
      "arrangement": "Messe du Couronnement K.317"
    }
  }
}