{
  "id": "mozart-coronation-mass-gloria",
  "title": "Messe du Couronnement (Gloria)",
  "version": 1,
  "createdAt": "2024-12-08T10:00:00Z",
  "voiceParts": {
    "soprano": {
      "key": "C",
      "voices": {
        "soprano1": {
          "label": "Soprano",
          "audioUrl": "/data/mozart-coronation-mass/audio/Gloria - Soprano.mp3",
          "lyrics": "Gloria in excelsis Deo...",
          "notes": "Mélodie principale simple et claire"
        }
      }
    },
    "alto": {
      "key": "C",
      "voices": {
        "alto1": {
          "label": "Alto",
          "audioUrl": "/data/mozart-coronation-mass/audio/Gloria - Alto.mp3",
          "lyrics": "Gloria in excelsis Deo...",
          "notes": "Harmonies en tierces"
        }
      }
    },
    "tenor": {
      "key": "C",
      "voices": {
        "tenor1": {
          "label": "Tenor",
          "audioUrl": "/data/mozart-coronation-mass/audio/Gloria - Tenor.mp3",
          "lyrics": "Gloria in excelsis Deo...",
          "notes": "Soutien harmonique"
        }
      }
    },
    "bass": {
      "key": "C",
      "voices": {
        "bass1": {
          "label": "Bass",
          "audioUrl": "/data/mozart-coronation-mass/audio/Gloria - Bass.mp3",
          "lyrics": "Gloria in excelsis Deo...",
          "notes": "Fondation en accords simples"
        }
      }
    }
  },
  "translations": {
    "latin": {
      "title": "Gloria",
      "lyrics": "Gloria in excelsis Deo.\nEt in terra pax hominibus bonae voluntatis.\nLaudamus te.\nBenedicimus te.\nAdoramus te.\nGlorificamus te.\nGratias agimus tibi propter magnam gloriam tuam.\nDomine Deus, Rex coelestis, Deus Pater omnipotens.\nDomine Fili unigenite, Jesu Christe.\nDomine Deus, Agnus Dei, Filius Patris.\nQui tollis peccata mundi, miserere nobis.\nQui tollis peccata mundi, suscipe deprecationem nostram.\nQui sedes ad dexteram Patris, miserere nobis.\nQuoniam tu solus Sanctus.\nTu solus Dominus.\nTu solus Altissimus, Jesu Christe.\nCum Sancto Spiritu, in gloria Dei Patris.\nAmen."
    },
    "french": {
      "title": "Gloire à Dieu",
      "lyrics": "Gloire à Dieu au plus haut des cieux,\nEt paix sur la terre aux hommes de bonne volonté.\nNous te louons.\nNous te bénissons.\nNous t'adorons.\nNous te glorifions.\nNous te rendons grâce pour ton immense gloire.\nSeigneur Dieu, Roi du ciel, Dieu le Père tout-puissant.\nSeigneur, Fils unique, Jésus-Christ.\nSeigneur Dieu, Agneau de Dieu, le Fils du Père.\nToi qui enlèves les péchés du monde, prends pitié de nous.\nToi qui enlèves les péchés du monde, reçois notre prière.\nToi qui es assis à la droite du Père, prends pitié de nous.\nCar toi seul es saint.\nToi seul es Seigneur.\nToi seul es le Très-Haut, Jésus-Christ.\nAvec le Saint-Esprit, dans la gloire de Dieu le Père.\nAmen."
    }
  },
  "resources": {
    "scores": [
      {
        "type": "pdf",
        "label": "Partitions",
        "url": "/data/mozart-coronation-mass/partitions/Gloria.pdf"
      }
    ],
    "videos": [],
    "links": [],
    "audio_extras": []
  },
  "musicalInfo": {
    "time_signature": "4/4",
    "tempo_bpm": null,
    "difficulty": "advanced",
    "duration": 337,
    "tags": [
      "classical",
      "sacred"
    ],
    "original_artist": "Wolfgang Amadeus Mozart",
    "arrangement": "Messe du Couronnement K.317"
  }
}