{
  "id": "dans-ma-detresse",
  "title": "Dans ma détresse",
  "composer": "Heaven Voices",
  "key": "E Major",
  "version": 1,
  "createdAt": "2024-12-08T12:00:00Z",
  "duration": 38,
  "voiceParts": {
    "soprano": {
      "id": "soprano",
      "key": "Soprano",
      "voices": {
        "soprano1": {
          "label": "Soprano",
          "audioUrl": "/data/dans-ma-detresse/audio/Soprano dans ma detresse.aac",
          "startNote": "F4",
          "maestroNotes": "Mélodie expressive et émouvante"
        }
      }
    },
    "alto": {
      "id": "alto",
      "key": "Alto",
      "voices": {
        "alto1": {
          "label": "Alto",
          "audioUrl": "/data/dans-ma-detresse/audio/Alto dans ma detresse alto.aac",
          "startNote": "C4",
          "maestroNotes": "Harmonies consolatrices"
        }
      }
    },
    "tenor": {
      "id": "tenor",
      "key": "Ténor",
      "voices": {
        "tenor1": {
          "label": "Ténor",
          "audioUrl": "/data/dans-ma-detresse/audio/Tenor dans ma detresse.aac",
          "startNote": "F3",
          "maestroNotes": "Soutien harmonique tendre"
        }
      }
    },
    "bass": {
      "id": "bass",
      "key": "Basse",
      "voices": {
        "bass1": {
          "label": "Basse",
          "audioUrl": "/data/dans-ma-detresse/audio/Bass dans ma detresse.mp3",
          "startNote": "F2",
          "maestroNotes": "Fondation harmonique apaisante"
        }
      }
    }
  },
  "translations": {
    "french": {
      "title": "Dans ma détresse",
      "lyrics": "J'étais perdu, perdu dans ma misère,\nJ'étais errant, errant dans mon désert,\nMarchant sans cesse comptant sur mes efforts,\nN'ayant personne à mes côtés comme réconfort.\n\nRéf:\nDans ma détresse Seigneur ! quand j'ai crié à toi...\nTu m'as répondu Seigneur ! Et tu es venu vers moi ah ah..",
      "phonetics": "Jé-tè pèrdü, pèrdü dann ma mizèr,\nJé-tè èrran, èrran dann mon dézèr,\nMarchan san sès kon-tan syr mèz éfor,\nNay-an pèrr-sonn a mè koté komm ré-kon-for.\n\nRéf:\nDann ma détress Sè-nyeur ! kan jè kri-é a twa...\nTu ma ré-pon-dü Sè-nyeur ! é tü è venu vèr mwa ah ah.."
    }
  },
  "resources": {
    "scores": [],
    "videos": [],
    "links": [],
    "audio_extras": []
  },
  "musicalInfo": {
    "time_signature": "4/4",
    "difficulty": "intermediate",
    "duration": 180,
    "tags": [
      "spiritual",
      "french",
      "contemporary"
    ],
    "original_artist": "Compositeur inconnu",
    "arrangement": "Arrangement chorale"
  }
}