{
  "id": "heureux-mariage",
  "title": "Heureux mariage",
  "composer": "Heaven Voices",
  "key": "D Major",
  "version": 1,
  "createdAt": "2024-12-08T12:00:00Z",
  "duration": 180,
  "voiceParts": {
    "alto": {
      "id": "alto",
      "key": "Alto",
      "voices": {
        "alto1": {
          "label": "Alto",
          "audioUrl": "/data/heureux-mariage/audio/Alto heureux mariage.wav",
          "startNote": "A3",
          "maestroNotes": "Mélodie douce et joyeuse"
        }
      }
    },
    "tenor": {
      "id": "tenor",
      "key": "Ténor",
      "voices": {
        "tenor1": {
          "label": "Ténor",
          "audioUrl": "/data/heureux-mariage/audio/Tenor Heureux mariage.wav",
          "startNote": "D3",
          "maestroNotes": "Harmonie masculine chaleureuse"
        }
      }
    }
  },
  "translations": {
    "french": {
      "title": "Heureux mariage",
      "lyrics": "Heureux mariage, union bénie,\nQue Dieu a formée par son amour.\nDans sa grâce infinie,\nIl unit deux cœurs pour toujours.\n\nQue votre amour soit comme un phare\nQui guide vos pas chaque jour,\nEt que jamais rien ne sépare\nCe que Dieu a uni par amour.",
      "phonetics": "Eu-reu ma-ryâ-jeu, ü-nyonn bé-ni,\nKeu Dyeu ah for-mé par sonn na-moor.\nDann sah grâ-seu in-fi-ni,\nIl ü-ni deu keur poor too-joor.\n\nKeu vo-treu na-moor swa ko-meu unn fa-reu\nKi gi-deu vo pah cha-keu joor,\nÉ keu ja-mè ryann neu sé-pa-reu\nSeu keu Dyeu ah ü-ni par a-moor."
    }
  },
  "resources": {
    "scores": [],
    "videos": [],
    "links": [],
    "audio_extras": []
  },
  "musicalInfo": {
    "time_signature": "4/4",
    "difficulty": "easy",
    "duration": 180,
    "tags": [
      "wedding",
      "french",
      "celebration"
    ],
    "original_artist": "Heaven Voices",
    "arrangement": "Arrangement chorale"
  }
}