{
  "id": "worthy-is-the-lamb",
  "title": "Worthy is the Lamb",
  "composer": "George Frideric Handel",
  "key": "D Major",
  "version": 1,
  "createdAt": "2024-12-08T12:00:00Z",
  "duration": 210,
  "voiceParts": {
    "soprano": {
      "id": "soprano",
      "key": "Soprano",
      "voices": {
        "soprano1": {
          "label": "Soprano",
          "audioUrl": "/data/worthy-is-the-lamb/audio/Soprano Worthy is the lamb.mp3",
          "startNote": "D5",
          "maestroNotes": "Mélodie majestueuse et triomphante"
        }
      }
    },
    "alto": {
      "id": "alto",
      "key": "Alto",
      "voices": {
        "alto1": {
          "label": "Alto",
          "audioUrl": "/data/worthy-is-the-lamb/audio/Alto Worthy is the lamb.mp3",
          "startNote": "A4",
          "maestroNotes": "Harmonies riches et expressives"
        }
      }
    },
    "tenor": {
      "id": "tenor",
      "key": "Ténor",
      "voices": {
        "tenor1": {
          "label": "Ténor",
          "audioUrl": "/data/worthy-is-the-lamb/audio/Tenor worthy is the lamb.mp3",
          "startNote": "D4",
          "maestroNotes": "Soutien mélodique puissant"
        }
      }
    },
    "bass": {
      "id": "bass",
      "key": "Basse",
      "voices": {
        "bass1": {
          "label": "Basse",
          "audioUrl": "/data/worthy-is-the-lamb/audio/Bass Worthy is the lamb.mp3",
          "startNote": "D3",
          "maestroNotes": "Fondation harmonique solennelle"
        }
      }
    }
  },
  "translations": {
    "english": {
      "title": "Worthy is the Lamb",
      "lyrics": "Worthy is the Lamb that was slain\nand hath redeemed us to God by His blood,\nto receive power, and riches, and wisdom,\nand strength, and honour, and glory, and blessing.\nBlessing and honour, glory and power,\nbe unto Him that sitteth upon the throne,\nand unto the Lamb for ever and ever.\nAmen.",
      "phonetics": "Weur-zi izz zeu Lamm zatt wazz slènn\nand hath ri-diimd euss tou Godd baï Hizz bleudd,\ntou ri-siiv pa-weur, and ri-tchezz, and wiz-domm,\nand strèngth, and o-neur, and glo-ri, and blè-ssing.\nBlè-ssing and o-neur, glo-ri and pa-weur,\nbii eun-tou Himm zatt si-teth eu-ponn zeu thronn,\nand eun-tou zeu Lamm for è-veur and è-veur.\nÈ-mènn."
    },
    "french": {
      "title": "Digne est l'Agneau",
      "lyrics": "Digne est l'Agneau qui fut immolé\net qui nous a rachetés à Dieu par son sang,\nde recevoir puissance, et richesse, et sagesse,\net force, et honneur, et gloire, et bénédiction.\nBénédiction et honneur, gloire et puissance,\nsoient à celui qui est assis sur le trône,\net à l'Agneau, aux siècles des siècles.\nAmen.",
      "phonetics": "Di-nyeu è la-nyoh ki fü i-mo-lé\nè ki noo zah ra-chteu à Dyeu par sonn sann,\ndeu reu-seu-voir püi-sann-seu, è ri-tchè-seu, è sa-gè-seu,\nè for-seu, è o-neur, è glwa-reu, è bé-né-dik-syonn.\nBé-né-dik-syonn è o-neur, glwa-reu è püi-sann-seu,\nswa-yent à seu-lüi ki è a-si sür leu tro-neu,\nè à la-nyoh, oh syè-kleu deu syè-kleu.\nA-mènn."
    }
  },
  "resources": {
    "scores": [],
    "videos": [],
    "links": [
      {
        "type": "website",
        "url": "https://imslp.org/wiki/Messiah,_HWV_56_(Handel,_George_Frideric)",
        "label": "Partition IMSLP"
      }
    ],
    "audio_extras": []
  },
  "musicalInfo": {
    "time_signature": "4/4",
    "difficulty": "advanced",
    "duration": 210,
    "tags": [
      "baroque",
      "sacred",
      "oratorio"
    ],
    "original_artist": "George Frideric Handel",
    "arrangement": "Messiah HWV 56"
  }
}