{
  "id": "a-celui-qui-peut",
  "title": "À celui qui peut",
  "composer": "Heaven Voices",
  "key": "G Major",
  "version": 1,
  "createdAt": "2024-12-08T12:00:00Z",
  "duration": 180,
  "voiceParts": {
    "alto": {
      "id": "alto",
      "key": "Alto",
      "voices": {
        "alto1": {
          "label": "Alto",
          "audioUrl": "/data/a-celui-qui-peut/audio/alto A celui qui peut.wav",
          "startNote": "D4",
          "maestroNotes": "Mélodie expressive et contemplative"
        }
      }
    },
    "tenor": {
      "id": "tenor",
      "key": "Ténor",
      "voices": {
        "tenor1": {
          "label": "Ténor",
          "audioUrl": "/data/a-celui-qui-peut/audio/Tenor A celui qui peut.wav",
          "startNote": "G3",
          "maestroNotes": "Harmonie principale masculine"
        }
      }
    }
  },
  "translations": {
    "french": {
      "title": "À celui qui peut",
      "lyrics": "À celui qui peut faire infiniment au-delà\nde tout ce que nous demandons ou pensons,\npar sa puissance qui agit en nous,\nà lui soit la gloire dans l'Église\net en Jésus-Christ,\ndans toutes les générations,\naux siècles des siècles!\nAmen.",
      "phonetics": "À seu-lüi ki peu fèr in-fi-ni-mann oh deu-là\ndeu too seu keu noo deu-mann-donn oo penn-sonn,\npar sah püi-sann-seu ki a-ji ann noo,\nà lüi swa lah glwa-reu dann lÉ-gli-zeu\nè ann Jé-zü Krist,\ndann too-teu leu jé-né-ra-syonn,\noh syè-kleu deu syè-kleu!\nA-mènn."
    }
  },
  "resources": {
    "scores": [],
    "videos": [],
    "links": [],
    "audio_extras": []
  },
  "musicalInfo": {
    "time_signature": "4/4",
    "difficulty": "intermediate",
    "duration": 180,
    "tags": [
      "worship",
      "french",
      "contemporary"
    ],
    "original_artist": "Heaven Voices",
    "arrangement": "Arrangement chorale"
  }
}