{
  "id": "and-the-glory",
  "title": "And the Glory of the Lord",
  "composer": "George Frideric Handel",
  "key": "A Major",
  "version": 1,
  "createdAt": "2024-12-08T12:00:00Z",
  "duration": 180,
  "voiceParts": {
    "soprano": {
      "id": "soprano",
      "key": "Soprano",
      "voices": {
        "soprano1": {
          "label": "Soprano",
          "audioUrl": "/data/and-the-glory/audio/Soprano And the glory.mp3",
          "startNote": "A4",
          "maestroNotes": "Mélodie principale majestueuse"
        }
      }
    },
    "alto": {
      "id": "alto",
      "key": "Alto",
      "voices": {
        "alto1": {
          "label": "Alto",
          "audioUrl": "/data/and-the-glory/audio/Alto And the glory.mp3",
          "startNote": "E4",
          "maestroNotes": "Harmonies en tierces et sixtes"
        }
      }
    },
    "tenor": {
      "id": "tenor",
      "key": "Ténor",
      "voices": {
        "tenor1": {
          "label": "Ténor",
          "audioUrl": "/data/and-the-glory/audio/Tenor And the glory.mp3",
          "startNote": "A3",
          "maestroNotes": "Soutien harmonique important"
        }
      }
    },
    "bass": {
      "id": "bass",
      "key": "Basse",
      "voices": {
        "bass1": {
          "label": "Basse",
          "audioUrl": "/data/and-the-glory/audio/Bass And the glory.mp3",
          "startNote": "A2",
          "maestroNotes": "Fondation harmonique puissante"
        }
      }
    }
  },
  "translations": {
    "english": {
      "title": "And the Glory of the Lord",
      "lyrics": "And the glory of the Lord shall be revealed,\nand all flesh shall see it together,\nfor the mouth of the Lord hath spoken it.",
      "phonetics": "And ze glow-ri ov ze Lord shæl bi ri-vild,\nand awl flesh shæl si it tu-gez-er,\nfor ze mowth ov ze Lord hæth spow-ken it."
    },
    "french": {
      "title": "Et la Gloire du Seigneur",
      "lyrics": "Et la gloire du Seigneur sera révélée,\net toute chair la verra ensemble,\ncar la bouche du Seigneur l'a dit.",
      "phonetics": "Eh lah glwar dü Seh-nyeur seh-rah ré-vé-lé,\neh toot sher lah ver-rah ähn-säm-bleh,\nkar lah boosh dü Seh-nyeur lah dee."
    }
  },
  "resources": {
    "scores": [],
    "videos": [],
    "links": [
      {
        "type": "website",
        "url": "https://imslp.org/wiki/Messiah,_HWV_56_(Handel,_George_Frideric)",
        "label": "Partition IMSLP"
      }
    ],
    "audio_extras": []
  },
  "musicalInfo": {
    "time_signature": "4/4",
    "difficulty": "advanced",
    "duration": 180,
    "tags": [
      "baroque",
      "sacred",
      "oratorio"
    ],
    "original_artist": "George Frideric Handel",
    "arrangement": "Messiah HWV 56"
  }
}